from,to,start,end,id
SMBLB1,fixt51,2021-05-01 00:00:00-08:00,,SMBLB1_fixt51_2021-05-01T00:00:00-08:00
SMBLB2,fixt52,2021-05-01 00:00:00-08:00,,SMBLB2_fixt52_2021-05-01T00:00:00-08:00
SMBLB3,fixt53,2021-05-01 00:00:00-08:00,,SMBLB3_fixt53_2021-05-01T00:00:00-08:00
SMBLB4,fixt54,2021-05-01 00:00:00-08:00,,SMBLB4_fixt54_2021-05-01T00:00:00-08:00
SMBLB5,fixt55,2021-05-01 00:00:00-08:00,,SMBLB5_fixt55_2021-05-01T00:00:00-08:00
SMBLB6,fixt56,2021-05-01 00:00:00-08:00,,SMBLB6_fixt56_2021-05-01T00:00:00-08:00
SMBLB7,fixt57,2021-05-01 00:00:00-08:00,,SMBLB7_fixt57_2021-05-01T00:00:00-08:00
SMBLB8,fixt58,2021-05-01 00:00:00-08:00,,SMBLB8_fixt58_2021-05-01T00:00:00-08:00
SMBLB9,fixt59,2021-05-01 00:00:00-08:00,,SMBLB9_fixt59_2021-05-01T00:00:00-08:00
SMBLB10,fixt60,2021-05-01 00:00:00-08:00,,SMBLB10_fixt60_2021-05-01T00:00:00-08:00
SMBLB11,fixt61,2021-05-01 00:00:00-08:00,,SMBLB11_fixt61_2021-05-01T00:00:00-08:00
SMBLB12,fixt62,2021-05-01 00:00:00-08:00,,SMBLB12_fixt62_2021-05-01T00:00:00-08:00
SMBLB13,fixt63,2021-05-01 00:00:00-08:00,,SMBLB13_fixt63_2021-05-01T00:00:00-08:00
SMBLB14,fixt64,2021-05-01 00:00:00-08:00,,SMBLB14_fixt64_2021-05-01T00:00:00-08:00
SMBLB15,fixt65,2021-05-01 00:00:00-08:00,,SMBLB15_fixt65_2021-05-01T00:00:00-08:00
SMBLB16,fixt66,2021-05-01 00:00:00-08:00,,SMBLB16_fixt66_2021-05-01T00:00:00-08:00
SMBLB17,fixt67,2021-05-01 00:00:00-08:00,,SMBLB17_fixt67_2021-05-01T00:00:00-08:00
SMBLB18,fixt68,2021-05-01 00:00:00-08:00,,SMBLB18_fixt68_2021-05-01T00:00:00-08:00
SMBLB19,fixt69,2021-05-01 00:00:00-08:00,,SMBLB19_fixt69_2021-05-01T00:00:00-08:00
SMBLB20,fixt70,2021-05-01 00:00:00-08:00,,SMBLB20_fixt70_2021-05-01T00:00:00-08:00
SMBLB21,fixt71,2021-05-01 00:00:00-08:00,,SMBLB21_fixt71_2021-05-01T00:00:00-08:00
SMBLB22,fixt72,2021-05-01 00:00:00-08:00,,SMBLB22_fixt72_2021-05-01T00:00:00-08:00
SMBLB23,fixt73,2021-05-01 00:00:00-08:00,,SMBLB23_fixt73_2021-05-01T00:00:00-08:00
SMBLB24,fixt74,2021-05-01 00:00:00-08:00,,SMBLB24_fixt74_2021-05-01T00:00:00-08:00
SMBLB25,fixt75,2021-05-01 00:00:00-08:00,,SMBLB25_fixt75_2021-05-01T00:00:00-08:00
SMBLB26,fixt76,2021-05-01 00:00:00-08:00,,SMBLB26_fixt76_2021-05-01T00:00:00-08:00
SMBLB27,fixt77,2021-05-01 00:00:00-08:00,,SMBLB27_fixt77_2021-05-01T00:00:00-08:00
SMBLB28,fixt78,2021-05-01 00:00:00-08:00,,SMBLB28_fixt78_2021-05-01T00:00:00-08:00
SMBLB29,fixt79,2021-05-01 00:00:00-08:00,,SMBLB29_fixt79_2021-05-01T00:00:00-08:00
SMBLB30,fixt80,2021-05-01 00:00:00-08:00,,SMBLB30_fixt80_2021-05-01T00:00:00-08:00
SMBLB31,fixt81,2021-05-01 00:00:00-08:00,,SMBLB31_fixt81_2021-05-01T00:00:00-08:00
SMBLB32,fixt82,2021-05-01 00:00:00-08:00,,SMBLB32_fixt82_2021-05-01T00:00:00-08:00
SMBLB33,fixt83,2021-05-01 00:00:00-08:00,,SMBLB33_fixt83_2021-05-01T00:00:00-08:00
SMBLB34,fixt84,2021-05-01 00:00:00-08:00,,SMBLB34_fixt84_2021-05-01T00:00:00-08:00
SMBLB35,fixt85,2021-05-01 00:00:00-08:00,,SMBLB35_fixt85_2021-05-01T00:00:00-08:00
SMBLB36,fixt86,2021-05-01 00:00:00-08:00,,SMBLB36_fixt86_2021-05-01T00:00:00-08:00
SMBLB37,fixt87,2021-05-01 00:00:00-08:00,,SMBLB37_fixt87_2021-05-01T00:00:00-08:00
SMBLB38,fixt88,2021-05-01 00:00:00-08:00,,SMBLB38_fixt88_2021-05-01T00:00:00-08:00
SMBLB39,fixt89,2021-05-01 00:00:00-08:00,,SMBLB39_fixt89_2021-05-01T00:00:00-08:00
SMBLB40,fixt90,2021-05-01 00:00:00-08:00,,SMBLB40_fixt90_2021-05-01T00:00:00-08:00
SMBLB41,fixt91,2021-05-01 00:00:00-08:00,,SMBLB41_fixt91_2021-05-01T00:00:00-08:00
SMBLB42,fixt92,2021-05-01 00:00:00-08:00,,SMBLB42_fixt92_2021-05-01T00:00:00-08:00
SMBLB43,fixt93,2021-05-01 00:00:00-08:00,,SMBLB43_fixt93_2021-05-01T00:00:00-08:00
SMBLB44,fixt94,2021-05-01 00:00:00-08:00,,SMBLB44_fixt94_2021-05-01T00:00:00-08:00
SMBLB45,fixt95,2021-05-01 00:00:00-08:00,,SMBLB45_fixt95_2021-05-01T00:00:00-08:00
SMBLB46,fixt96,2021-05-01 00:00:00-08:00,,SMBLB46_fixt96_2021-05-01T00:00:00-08:00
SMBLB47,fixt97,2021-05-01 00:00:00-08:00,,SMBLB47_fixt97_2021-05-01T00:00:00-08:00
SMBLB48,fixt98,2021-05-01 00:00:00-08:00,,SMBLB48_fixt98_2021-05-01T00:00:00-08:00
SMBLB49,fixt99,2021-05-01 00:00:00-08:00,,SMBLB49_fixt99_2021-05-01T00:00:00-08:00
SMBLB50,fixt100,2021-05-01 00:00:00-08:00,,SMBLB50_fixt100_2021-05-01T00:00:00-08:00
SMBLB51,fixt1,2021-05-01 00:00:00-08:00,,SMBLB51_fixt1_2021-05-01T00:00:00-08:00
SMBLB52,fixt2,2021-05-01 00:00:00-08:00,,SMBLB52_fixt2_2021-05-01T00:00:00-08:00
SMBLB53,fixt3,2021-05-01 00:00:00-08:00,,SMBLB53_fixt3_2021-05-01T00:00:00-08:00
SMBLB54,fixt4,2021-05-01 00:00:00-08:00,,SMBLB54_fixt4_2021-05-01T00:00:00-08:00
SMBLB55,fixt5,2021-05-01 00:00:00-08:00,,SMBLB55_fixt5_2021-05-01T00:00:00-08:00
SMBLB56,fixt6,2021-05-01 00:00:00-08:00,,SMBLB56_fixt6_2021-05-01T00:00:00-08:00
SMBLB57,fixt7,2021-05-01 00:00:00-08:00,,SMBLB57_fixt7_2021-05-01T00:00:00-08:00
SMBLB58,fixt8,2021-05-01 00:00:00-08:00,,SMBLB58_fixt8_2021-05-01T00:00:00-08:00
SMBLB59,fixt9,2021-05-01 00:00:00-08:00,,SMBLB59_fixt9_2021-05-01T00:00:00-08:00
SMBLB60,fixt10,2021-05-01 00:00:00-08:00,,SMBLB60_fixt10_2021-05-01T00:00:00-08:00
SMBLB61,fixt11,2021-05-01 00:00:00-08:00,,SMBLB61_fixt11_2021-05-01T00:00:00-08:00
SMBLB62,fixt12,2021-05-01 00:00:00-08:00,,SMBLB62_fixt12_2021-05-01T00:00:00-08:00
SMBLB63,fixt13,2021-05-01 00:00:00-08:00,,SMBLB63_fixt13_2021-05-01T00:00:00-08:00
SMBLB64,fixt14,2021-05-01 00:00:00-08:00,,SMBLB64_fixt14_2021-05-01T00:00:00-08:00
SMBLB65,fixt15,2021-05-01 00:00:00-08:00,,SMBLB65_fixt15_2021-05-01T00:00:00-08:00
SMBLB66,fixt16,2021-05-01 00:00:00-08:00,,SMBLB66_fixt16_2021-05-01T00:00:00-08:00
SMBLB67,fixt17,2021-05-01 00:00:00-08:00,,SMBLB67_fixt17_2021-05-01T00:00:00-08:00
SMBLB68,fixt18,2021-05-01 00:00:00-08:00,,SMBLB68_fixt18_2021-05-01T00:00:00-08:00
SMBLB69,fixt19,2021-05-01 00:00:00-08:00,,SMBLB69_fixt19_2021-05-01T00:00:00-08:00
SMBLB70,fixt20,2021-05-01 00:00:00-08:00,,SMBLB70_fixt20_2021-05-01T00:00:00-08:00
SMBLB71,fixt21,2021-05-01 00:00:00-08:00,,SMBLB71_fixt21_2021-05-01T00:00:00-08:00
SMBLB72,fixt22,2021-05-01 00:00:00-08:00,,SMBLB72_fixt22_2021-05-01T00:00:00-08:00
SMBLB73,fixt23,2021-05-01 00:00:00-08:00,,SMBLB73_fixt23_2021-05-01T00:00:00-08:00
SMBLB74,fixt24,2021-05-01 00:00:00-08:00,,SMBLB74_fixt24_2021-05-01T00:00:00-08:00
SMBLB75,fixt25,2021-05-01 00:00:00-08:00,,SMBLB75_fixt25_2021-05-01T00:00:00-08:00
SMBLB76,fixt26,2021-05-01 00:00:00-08:00,,SMBLB76_fixt26_2021-05-01T00:00:00-08:00
SMBLB77,fixt27,2021-05-01 00:00:00-08:00,,SMBLB77_fixt27_2021-05-01T00:00:00-08:00
SMBLB78,fixt28,2021-05-01 00:00:00-08:00,,SMBLB78_fixt28_2021-05-01T00:00:00-08:00
SMBLB79,fixt29,2021-05-01 00:00:00-08:00,,SMBLB79_fixt29_2021-05-01T00:00:00-08:00
SMBLB80,fixt30,2021-05-01 00:00:00-08:00,,SMBLB80_fixt30_2021-05-01T00:00:00-08:00
SMBLB81,fixt31,2021-05-01 00:00:00-08:00,,SMBLB81_fixt31_2021-05-01T00:00:00-08:00
SMBLB82,fixt32,2021-05-01 00:00:00-08:00,,SMBLB82_fixt32_2021-05-01T00:00:00-08:00
SMBLB83,fixt33,2021-05-01 00:00:00-08:00,,SMBLB83_fixt33_2021-05-01T00:00:00-08:00
SMBLB84,fixt34,2021-05-01 00:00:00-08:00,,SMBLB84_fixt34_2021-05-01T00:00:00-08:00
SMBLB85,fixt35,2021-05-01 00:00:00-08:00,,SMBLB85_fixt35_2021-05-01T00:00:00-08:00
SMBLB86,fixt36,2021-05-01 00:00:00-08:00,,SMBLB86_fixt36_2021-05-01T00:00:00-08:00
SMBLB87,fixt37,2021-05-01 00:00:00-08:00,,SMBLB87_fixt37_2021-05-01T00:00:00-08:00
SMBLB88,fixt38,2021-05-01 00:00:00-08:00,,SMBLB88_fixt38_2021-05-01T00:00:00-08:00
SMBLB89,fixt39,2021-05-01 00:00:00-08:00,,SMBLB89_fixt39_2021-05-01T00:00:00-08:00
SMBLB90,fixt40,2021-05-01 00:00:00-08:00,,SMBLB90_fixt40_2021-05-01T00:00:00-08:00
SMBLB91,fixt41,2021-05-01 00:00:00-08:00,,SMBLB91_fixt41_2021-05-01T00:00:00-08:00
SMBLB92,fixt42,2021-05-01 00:00:00-08:00,,SMBLB92_fixt42_2021-05-01T00:00:00-08:00
SMBLB93,fixt43,2021-05-01 00:00:00-08:00,,SMBLB93_fixt43_2021-05-01T00:00:00-08:00
SMBLB94,fixt44,2021-05-01 00:00:00-08:00,,SMBLB94_fixt44_2021-05-01T00:00:00-08:00
SMBLB95,fixt45,2021-05-01 00:00:00-08:00,,SMBLB95_fixt45_2021-05-01T00:00:00-08:00
SMBLB96,fixt46,2021-05-01 00:00:00-08:00,,SMBLB96_fixt46_2021-05-01T00:00:00-08:00
SMBLB97,fixt47,2021-05-01 00:00:00-08:00,,SMBLB97_fixt47_2021-05-01T00:00:00-08:00
SMBLB98,fixt48,2021-05-01 00:00:00-08:00,,SMBLB98_fixt48_2021-05-01T00:00:00-08:00
SMBLB99,fixt49,2021-05-01 00:00:00-08:00,,SMBLB99_fixt49_2021-05-01T00:00:00-08:00
SMBLB100,fixt50,2021-05-01 00:00:00-08:00,,SMBLB100_fixt50_2021-05-01T00:00:00-08:00
SMBLB1,fixt26,2020-11-01 00:00:00-08:00,2021-05-01T00:00:00-08:00,SMBLB1_fixt26_2020-11-01T00:00:00-0800
SMBLB2,fixt27,2020-11-01 00:00:00-08:00,2021-05-01T00:00:00-08:00,SMBLB2_fixt27_2020-11-01T00:00:00-0800
SMBLB3,fixt28,2020-11-01 00:00:00-08:00,2021-05-01T00:00:00-08:00,SMBLB3_fixt28_2020-11-01T00:00:00-0800
SMBLB4,fixt29,2020-11-01 00:00:00-08:00,2021-05-01T00:00:00-08:00,SMBLB4_fixt29_2020-11-01T00:00:00-0800
SMBLB5,fixt30,2020-11-01 00:00:00-08:00,2021-05-01T00:00:00-08:00,SMBLB5_fixt30_2020-11-01T00:00:00-0800
SMBLB6,fixt31,2020-11-01 00:00:00-08:00,2021-05-01T00:00:00-08:00,SMBLB6_fixt31_2020-11-01T00:00:00-0800
SMBLB7,fixt32,2020-11-01 00:00:00-08:00,2021-05-01T00:00:00-08:00,SMBLB7_fixt32_2020-11-01T00:00:00-0800
SMBLB8,fixt33,2020-11-01 00:00:00-08:00,2021-05-01T00:00:00-08:00,SMBLB8_fixt33_2020-11-01T00:00:00-0800
SMBLB9,fixt34,2020-11-01 00:00:00-08:00,2021-05-01T00:00:00-08:00,SMBLB9_fixt34_2020-11-01T00:00:00-0800
SMBLB10,fixt35,2020-11-01 00:00:00-08:00,2021-05-01T00:00:00-08:00,SMBLB10_fixt35_2020-11-01T00:00:00-0800
SMBLB11,fixt36,2020-11-01 00:00:00-08:00,2021-05-01T00:00:00-08:00,SMBLB11_fixt36_2020-11-01T00:00:00-0800
SMBLB12,fixt37,2020-11-01 00:00:00-08:00,2021-05-01T00:00:00-08:00,SMBLB12_fixt37_2020-11-01T00:00:00-0800
SMBLB13,fixt38,2020-11-01 00:00:00-08:00,2021-05-01T00:00:00-08:00,SMBLB13_fixt38_2020-11-01T00:00:00-0800
SMBLB14,fixt39,2020-11-01 00:00:00-08:00,2021-05-01T00:00:00-08:00,SMBLB14_fixt39_2020-11-01T00:00:00-0800
SMBLB15,fixt40,2020-11-01 00:00:00-08:00,2021-05-01T00:00:00-08:00,SMBLB15_fixt40_2020-11-01T00:00:00-0800
SMBLB16,fixt41,2020-11-01 00:00:00-08:00,2021-05-01T00:00:00-08:00,SMBLB16_fixt41_2020-11-01T00:00:00-0800
SMBLB17,fixt42,2020-11-01 00:00:00-08:00,2021-05-01T00:00:00-08:00,SMBLB17_fixt42_2020-11-01T00:00:00-0800
SMBLB18,fixt43,2020-11-01 00:00:00-08:00,2021-05-01T00:00:00-08:00,SMBLB18_fixt43_2020-11-01T00:00:00-0800
SMBLB19,fixt44,2020-11-01 00:00:00-08:00,2021-05-01T00:00:00-08:00,SMBLB19_fixt44_2020-11-01T00:00:00-0800
SMBLB20,fixt45,2020-11-01 00:00:00-08:00,2021-05-01T00:00:00-08:00,SMBLB20_fixt45_2020-11-01T00:00:00-0800
SMBLB21,fixt46,2020-11-01 00:00:00-08:00,2021-05-01T00:00:00-08:00,SMBLB21_fixt46_2020-11-01T00:00:00-0800
SMBLB22,fixt47,2020-11-01 00:00:00-08:00,2021-05-01T00:00:00-08:00,SMBLB22_fixt47_2020-11-01T00:00:00-0800
SMBLB23,fixt48,2020-11-01 00:00:00-08:00,2021-05-01T00:00:00-08:00,SMBLB23_fixt48_2020-11-01T00:00:00-0800
SMBLB24,fixt49,2020-11-01 00:00:00-08:00,2021-05-01T00:00:00-08:00,SMBLB24_fixt49_2020-11-01T00:00:00-0800
SMBLB25,fixt50,2020-11-01 00:00:00-08:00,2021-05-01T00:00:00-08:00,SMBLB25_fixt50_2020-11-01T00:00:00-0800
SMBLB26,fixt51,2020-11-01 00:00:00-08:00,2021-05-01T00:00:00-08:00,SMBLB26_fixt51_2020-11-01T00:00:00-0800
SMBLB27,fixt52,2020-11-01 00:00:00-08:00,2021-05-01T00:00:00-08:00,SMBLB27_fixt52_2020-11-01T00:00:00-0800
SMBLB28,fixt53,2020-11-01 00:00:00-08:00,2021-05-01T00:00:00-08:00,SMBLB28_fixt53_2020-11-01T00:00:00-0800
SMBLB29,fixt54,2020-11-01 00:00:00-08:00,2021-05-01T00:00:00-08:00,SMBLB29_fixt54_2020-11-01T00:00:00-0800
SMBLB30,fixt55,2020-11-01 00:00:00-08:00,2021-05-01T00:00:00-08:00,SMBLB30_fixt55_2020-11-01T00:00:00-0800
SMBLB31,fixt56,2020-11-01 00:00:00-08:00,2021-05-01T00:00:00-08:00,SMBLB31_fixt56_2020-11-01T00:00:00-0800
SMBLB32,fixt57,2020-11-01 00:00:00-08:00,2021-05-01T00:00:00-08:00,SMBLB32_fixt57_2020-11-01T00:00:00-0800
SMBLB33,fixt58,2020-11-01 00:00:00-08:00,2021-05-01T00:00:00-08:00,SMBLB33_fixt58_2020-11-01T00:00:00-0800
SMBLB34,fixt59,2020-11-01 00:00:00-08:00,2021-05-01T00:00:00-08:00,SMBLB34_fixt59_2020-11-01T00:00:00-0800
SMBLB35,fixt60,2020-11-01 00:00:00-08:00,2021-05-01T00:00:00-08:00,SMBLB35_fixt60_2020-11-01T00:00:00-0800
SMBLB36,fixt61,2020-11-01 00:00:00-08:00,2021-05-01T00:00:00-08:00,SMBLB36_fixt61_2020-11-01T00:00:00-0800
SMBLB37,fixt62,2020-11-01 00:00:00-08:00,2021-05-01T00:00:00-08:00,SMBLB37_fixt62_2020-11-01T00:00:00-0800
SMBLB38,fixt63,2020-11-01 00:00:00-08:00,2021-05-01T00:00:00-08:00,SMBLB38_fixt63_2020-11-01T00:00:00-0800
SMBLB39,fixt64,2020-11-01 00:00:00-08:00,2021-05-01T00:00:00-08:00,SMBLB39_fixt64_2020-11-01T00:00:00-0800
SMBLB40,fixt65,2020-11-01 00:00:00-08:00,2021-05-01T00:00:00-08:00,SMBLB40_fixt65_2020-11-01T00:00:00-0800
SMBLB41,fixt66,2020-11-01 00:00:00-08:00,2021-05-01T00:00:00-08:00,SMBLB41_fixt66_2020-11-01T00:00:00-0800
SMBLB42,fixt67,2020-11-01 00:00:00-08:00,2021-05-01T00:00:00-08:00,SMBLB42_fixt67_2020-11-01T00:00:00-0800
SMBLB43,fixt68,2020-11-01 00:00:00-08:00,2021-05-01T00:00:00-08:00,SMBLB43_fixt68_2020-11-01T00:00:00-0800
SMBLB44,fixt69,2020-11-01 00:00:00-08:00,2021-05-01T00:00:00-08:00,SMBLB44_fixt69_2020-11-01T00:00:00-0800
SMBLB45,fixt70,2020-11-01 00:00:00-08:00,2021-05-01T00:00:00-08:00,SMBLB45_fixt70_2020-11-01T00:00:00-0800
SMBLB46,fixt71,2020-11-01 00:00:00-08:00,2021-05-01T00:00:00-08:00,SMBLB46_fixt71_2020-11-01T00:00:00-0800
SMBLB47,fixt72,2020-11-01 00:00:00-08:00,2021-05-01T00:00:00-08:00,SMBLB47_fixt72_2020-11-01T00:00:00-0800
SMBLB48,fixt73,2020-11-01 00:00:00-08:00,2021-05-01T00:00:00-08:00,SMBLB48_fixt73_2020-11-01T00:00:00-0800
SMBLB49,fixt74,2020-11-01 00:00:00-08:00,2021-05-01T00:00:00-08:00,SMBLB49_fixt74_2020-11-01T00:00:00-0800
SMBLB50,fixt75,2020-11-01 00:00:00-08:00,2021-05-01T00:00:00-08:00,SMBLB50_fixt75_2020-11-01T00:00:00-0800
SMBLB51,fixt76,2020-11-01 00:00:00-08:00,2021-05-01T00:00:00-08:00,SMBLB51_fixt76_2020-11-01T00:00:00-0800
SMBLB52,fixt77,2020-11-01 00:00:00-08:00,2021-05-01T00:00:00-08:00,SMBLB52_fixt77_2020-11-01T00:00:00-0800
SMBLB53,fixt78,2020-11-01 00:00:00-08:00,2021-05-01T00:00:00-08:00,SMBLB53_fixt78_2020-11-01T00:00:00-0800
SMBLB54,fixt79,2020-11-01 00:00:00-08:00,2021-05-01T00:00:00-08:00,SMBLB54_fixt79_2020-11-01T00:00:00-0800
SMBLB55,fixt80,2020-11-01 00:00:00-08:00,2021-05-01T00:00:00-08:00,SMBLB55_fixt80_2020-11-01T00:00:00-0800
SMBLB56,fixt81,2020-11-01 00:00:00-08:00,2021-05-01T00:00:00-08:00,SMBLB56_fixt81_2020-11-01T00:00:00-0800
SMBLB57,fixt82,2020-11-01 00:00:00-08:00,2021-05-01T00:00:00-08:00,SMBLB57_fixt82_2020-11-01T00:00:00-0800
SMBLB58,fixt83,2020-11-01 00:00:00-08:00,2021-05-01T00:00:00-08:00,SMBLB58_fixt83_2020-11-01T00:00:00-0800
SMBLB59,fixt84,2020-11-01 00:00:00-08:00,2021-05-01T00:00:00-08:00,SMBLB59_fixt84_2020-11-01T00:00:00-0800
SMBLB60,fixt85,2020-11-01 00:00:00-08:00,2021-05-01T00:00:00-08:00,SMBLB60_fixt85_2020-11-01T00:00:00-0800
SMBLB61,fixt86,2020-11-01 00:00:00-08:00,2021-05-01T00:00:00-08:00,SMBLB61_fixt86_2020-11-01T00:00:00-0800
SMBLB62,fixt87,2020-11-01 00:00:00-08:00,2021-05-01T00:00:00-08:00,SMBLB62_fixt87_2020-11-01T00:00:00-0800
SMBLB63,fixt88,2020-11-01 00:00:00-08:00,2021-05-01T00:00:00-08:00,SMBLB63_fixt88_2020-11-01T00:00:00-0800
SMBLB64,fixt89,2020-11-01 00:00:00-08:00,2021-05-01T00:00:00-08:00,SMBLB64_fixt89_2020-11-01T00:00:00-0800
SMBLB65,fixt90,2020-11-01 00:00:00-08:00,2021-05-01T00:00:00-08:00,SMBLB65_fixt90_2020-11-01T00:00:00-0800
SMBLB66,fixt91,2020-11-01 00:00:00-08:00,2021-05-01T00:00:00-08:00,SMBLB66_fixt91_2020-11-01T00:00:00-0800
SMBLB67,fixt92,2020-11-01 00:00:00-08:00,2021-05-01T00:00:00-08:00,SMBLB67_fixt92_2020-11-01T00:00:00-0800
SMBLB68,fixt93,2020-11-01 00:00:00-08:00,2021-05-01T00:00:00-08:00,SMBLB68_fixt93_2020-11-01T00:00:00-0800
SMBLB69,fixt94,2020-11-01 00:00:00-08:00,2021-05-01T00:00:00-08:00,SMBLB69_fixt94_2020-11-01T00:00:00-0800
SMBLB70,fixt95,2020-11-01 00:00:00-08:00,2021-05-01T00:00:00-08:00,SMBLB70_fixt95_2020-11-01T00:00:00-0800
SMBLB71,fixt96,2020-11-01 00:00:00-08:00,2021-05-01T00:00:00-08:00,SMBLB71_fixt96_2020-11-01T00:00:00-0800
SMBLB72,fixt97,2020-11-01 00:00:00-08:00,2021-05-01T00:00:00-08:00,SMBLB72_fixt97_2020-11-01T00:00:00-0800
SMBLB73,fixt98,2020-11-01 00:00:00-08:00,2021-05-01T00:00:00-08:00,SMBLB73_fixt98_2020-11-01T00:00:00-0800
SMBLB74,fixt99,2020-11-01 00:00:00-08:00,2021-05-01T00:00:00-08:00,SMBLB74_fixt99_2020-11-01T00:00:00-0800
SMBLB75,fixt100,2020-11-01 00:00:00-08:00,2021-05-01T00:00:00-08:00,SMBLB75_fixt100_2020-11-01T00:00:00-0800
SMBLB76,fixt1,2020-11-01 00:00:00-08:00,2021-05-01T00:00:00-08:00,SMBLB76_fixt1_2020-11-01T00:00:00-0800
SMBLB77,fixt2,2020-11-01 00:00:00-08:00,2021-05-01T00:00:00-08:00,SMBLB77_fixt2_2020-11-01T00:00:00-0800
SMBLB78,fixt3,2020-11-01 00:00:00-08:00,2021-05-01T00:00:00-08:00,SMBLB78_fixt3_2020-11-01T00:00:00-0800
SMBLB79,fixt4,2020-11-01 00:00:00-08:00,2021-05-01T00:00:00-08:00,SMBLB79_fixt4_2020-11-01T00:00:00-0800
SMBLB80,fixt5,2020-11-01 00:00:00-08:00,2021-05-01T00:00:00-08:00,SMBLB80_fixt5_2020-11-01T00:00:00-0800
SMBLB81,fixt6,2020-11-01 00:00:00-08:00,2021-05-01T00:00:00-08:00,SMBLB81_fixt6_2020-11-01T00:00:00-0800
SMBLB82,fixt7,2020-11-01 00:00:00-08:00,2021-05-01T00:00:00-08:00,SMBLB82_fixt7_2020-11-01T00:00:00-0800
SMBLB83,fixt8,2020-11-01 00:00:00-08:00,2021-05-01T00:00:00-08:00,SMBLB83_fixt8_2020-11-01T00:00:00-0800
SMBLB84,fixt9,2020-11-01 00:00:00-08:00,2021-05-01T00:00:00-08:00,SMBLB84_fixt9_2020-11-01T00:00:00-0800
SMBLB85,fixt10,2020-11-01 00:00:00-08:00,2021-05-01T00:00:00-08:00,SMBLB85_fixt10_2020-11-01T00:00:00-0800
SMBLB86,fixt11,2020-11-01 00:00:00-08:00,2021-05-01T00:00:00-08:00,SMBLB86_fixt11_2020-11-01T00:00:00-0800
SMBLB87,fixt12,2020-11-01 00:00:00-08:00,2021-05-01T00:00:00-08:00,SMBLB87_fixt12_2020-11-01T00:00:00-0800
SMBLB88,fixt13,2020-11-01 00:00:00-08:00,2021-05-01T00:00:00-08:00,SMBLB88_fixt13_2020-11-01T00:00:00-0800
SMBLB89,fixt14,2020-11-01 00:00:00-08:00,2021-05-01T00:00:00-08:00,SMBLB89_fixt14_2020-11-01T00:00:00-0800
SMBLB90,fixt15,2020-11-01 00:00:00-08:00,2021-05-01T00:00:00-08:00,SMBLB90_fixt15_2020-11-01T00:00:00-0800
SMBLB91,fixt16,2020-11-01 00:00:00-08:00,2021-05-01T00:00:00-08:00,SMBLB91_fixt16_2020-11-01T00:00:00-0800
SMBLB92,fixt17,2020-11-01 00:00:00-08:00,2021-05-01T00:00:00-08:00,SMBLB92_fixt17_2020-11-01T00:00:00-0800
SMBLB93,fixt18,2020-11-01 00:00:00-08:00,2021-05-01T00:00:00-08:00,SMBLB93_fixt18_2020-11-01T00:00:00-0800
SMBLB94,fixt19,2020-11-01 00:00:00-08:00,2021-05-01T00:00:00-08:00,SMBLB94_fixt19_2020-11-01T00:00:00-0800
SMBLB95,fixt20,2020-11-01 00:00:00-08:00,2021-05-01T00:00:00-08:00,SMBLB95_fixt20_2020-11-01T00:00:00-0800
SMBLB96,fixt21,2020-11-01 00:00:00-08:00,2021-05-01T00:00:00-08:00,SMBLB96_fixt21_2020-11-01T00:00:00-0800
SMBLB97,fixt22,2020-11-01 00:00:00-08:00,2021-05-01T00:00:00-08:00,SMBLB97_fixt22_2020-11-01T00:00:00-0800
SMBLB98,fixt23,2020-11-01 00:00:00-08:00,2021-05-01T00:00:00-08:00,SMBLB98_fixt23_2020-11-01T00:00:00-0800
SMBLB99,fixt24,2020-11-01 00:00:00-08:00,2021-05-01T00:00:00-08:00,SMBLB99_fixt24_2020-11-01T00:00:00-0800
SMBLB100,fixt25,2020-11-01 00:00:00-08:00,2021-05-01T00:00:00-08:00,SMBLB100_fixt25_2020-11-01T00:00:00-0800
SMBLB1,fixt1,2020-05-01 00:00:00-08:00,2020-11-01T00:00:00-0800,SMBLB1_fixt1_2020-05-01T00:00:00-08:00
SMBLB2,fixt2,2020-05-01 00:00:00-08:00,2020-11-01T00:00:00-0800,SMBLB2_fixt2_2020-05-01T00:00:00-08:00
SMBLB3,fixt3,2020-05-01 00:00:00-08:00,2020-11-01T00:00:00-0800,SMBLB3_fixt3_2020-05-01T00:00:00-08:00
SMBLB4,fixt4,2020-05-01 00:00:00-08:00,2020-11-01T00:00:00-0800,SMBLB4_fixt4_2020-05-01T00:00:00-08:00
SMBLB5,fixt5,2020-05-01 00:00:00-08:00,2020-11-01T00:00:00-0800,SMBLB5_fixt5_2020-05-01T00:00:00-08:00
SMBLB6,fixt6,2020-05-01 00:00:00-08:00,2020-11-01T00:00:00-0800,SMBLB6_fixt6_2020-05-01T00:00:00-08:00
SMBLB7,fixt7,2020-05-01 00:00:00-08:00,2020-11-01T00:00:00-0800,SMBLB7_fixt7_2020-05-01T00:00:00-08:00
SMBLB8,fixt8,2020-05-01 00:00:00-08:00,2020-11-01T00:00:00-0800,SMBLB8_fixt8_2020-05-01T00:00:00-08:00
SMBLB9,fixt9,2020-05-01 00:00:00-08:00,2020-11-01T00:00:00-0800,SMBLB9_fixt9_2020-05-01T00:00:00-08:00
SMBLB10,fixt10,2020-05-01 00:00:00-08:00,2020-11-01T00:00:00-0800,SMBLB10_fixt10_2020-05-01T00:00:00-08:00
SMBLB11,fixt11,2020-05-01 00:00:00-08:00,2020-11-01T00:00:00-0800,SMBLB11_fixt11_2020-05-01T00:00:00-08:00
SMBLB12,fixt12,2020-05-01 00:00:00-08:00,2020-11-01T00:00:00-0800,SMBLB12_fixt12_2020-05-01T00:00:00-08:00
SMBLB13,fixt13,2020-05-01 00:00:00-08:00,2020-11-01T00:00:00-0800,SMBLB13_fixt13_2020-05-01T00:00:00-08:00
SMBLB14,fixt14,2020-05-01 00:00:00-08:00,2020-11-01T00:00:00-0800,SMBLB14_fixt14_2020-05-01T00:00:00-08:00
SMBLB15,fixt15,2020-05-01 00:00:00-08:00,2020-11-01T00:00:00-0800,SMBLB15_fixt15_2020-05-01T00:00:00-08:00
SMBLB16,fixt16,2020-05-01 00:00:00-08:00,2020-11-01T00:00:00-0800,SMBLB16_fixt16_2020-05-01T00:00:00-08:00
SMBLB17,fixt17,2020-05-01 00:00:00-08:00,2020-11-01T00:00:00-0800,SMBLB17_fixt17_2020-05-01T00:00:00-08:00
SMBLB18,fixt18,2020-05-01 00:00:00-08:00,2020-11-01T00:00:00-0800,SMBLB18_fixt18_2020-05-01T00:00:00-08:00
SMBLB19,fixt19,2020-05-01 00:00:00-08:00,2020-11-01T00:00:00-0800,SMBLB19_fixt19_2020-05-01T00:00:00-08:00
SMBLB20,fixt20,2020-05-01 00:00:00-08:00,2020-11-01T00:00:00-0800,SMBLB20_fixt20_2020-05-01T00:00:00-08:00
SMBLB21,fixt21,2020-05-01 00:00:00-08:00,2020-11-01T00:00:00-0800,SMBLB21_fixt21_2020-05-01T00:00:00-08:00
SMBLB22,fixt22,2020-05-01 00:00:00-08:00,2020-11-01T00:00:00-0800,SMBLB22_fixt22_2020-05-01T00:00:00-08:00
SMBLB23,fixt23,2020-05-01 00:00:00-08:00,2020-11-01T00:00:00-0800,SMBLB23_fixt23_2020-05-01T00:00:00-08:00
SMBLB24,fixt24,2020-05-01 00:00:00-08:00,2020-11-01T00:00:00-0800,SMBLB24_fixt24_2020-05-01T00:00:00-08:00
SMBLB25,fixt25,2020-05-01 00:00:00-08:00,2020-11-01T00:00:00-0800,SMBLB25_fixt25_2020-05-01T00:00:00-08:00
SMBLB26,fixt26,2020-05-01 00:00:00-08:00,2020-11-01T00:00:00-0800,SMBLB26_fixt26_2020-05-01T00:00:00-08:00
SMBLB27,fixt27,2020-05-01 00:00:00-08:00,2020-11-01T00:00:00-0800,SMBLB27_fixt27_2020-05-01T00:00:00-08:00
SMBLB28,fixt28,2020-05-01 00:00:00-08:00,2020-11-01T00:00:00-0800,SMBLB28_fixt28_2020-05-01T00:00:00-08:00
SMBLB29,fixt29,2020-05-01 00:00:00-08:00,2020-11-01T00:00:00-0800,SMBLB29_fixt29_2020-05-01T00:00:00-08:00
SMBLB30,fixt30,2020-05-01 00:00:00-08:00,2020-11-01T00:00:00-0800,SMBLB30_fixt30_2020-05-01T00:00:00-08:00
SMBLB31,fixt31,2020-05-01 00:00:00-08:00,2020-11-01T00:00:00-0800,SMBLB31_fixt31_2020-05-01T00:00:00-08:00
SMBLB32,fixt32,2020-05-01 00:00:00-08:00,2020-11-01T00:00:00-0800,SMBLB32_fixt32_2020-05-01T00:00:00-08:00
SMBLB33,fixt33,2020-05-01 00:00:00-08:00,2020-11-01T00:00:00-0800,SMBLB33_fixt33_2020-05-01T00:00:00-08:00
SMBLB34,fixt34,2020-05-01 00:00:00-08:00,2020-11-01T00:00:00-0800,SMBLB34_fixt34_2020-05-01T00:00:00-08:00
SMBLB35,fixt35,2020-05-01 00:00:00-08:00,2020-11-01T00:00:00-0800,SMBLB35_fixt35_2020-05-01T00:00:00-08:00
SMBLB36,fixt36,2020-05-01 00:00:00-08:00,2020-11-01T00:00:00-0800,SMBLB36_fixt36_2020-05-01T00:00:00-08:00
SMBLB37,fixt37,2020-05-01 00:00:00-08:00,2020-11-01T00:00:00-0800,SMBLB37_fixt37_2020-05-01T00:00:00-08:00
SMBLB38,fixt38,2020-05-01 00:00:00-08:00,2020-11-01T00:00:00-0800,SMBLB38_fixt38_2020-05-01T00:00:00-08:00
SMBLB39,fixt39,2020-05-01 00:00:00-08:00,2020-11-01T00:00:00-0800,SMBLB39_fixt39_2020-05-01T00:00:00-08:00
SMBLB40,fixt40,2020-05-01 00:00:00-08:00,2020-11-01T00:00:00-0800,SMBLB40_fixt40_2020-05-01T00:00:00-08:00
SMBLB41,fixt41,2020-05-01 00:00:00-08:00,2020-11-01T00:00:00-0800,SMBLB41_fixt41_2020-05-01T00:00:00-08:00
SMBLB42,fixt42,2020-05-01 00:00:00-08:00,2020-11-01T00:00:00-0800,SMBLB42_fixt42_2020-05-01T00:00:00-08:00
SMBLB43,fixt43,2020-05-01 00:00:00-08:00,2020-11-01T00:00:00-0800,SMBLB43_fixt43_2020-05-01T00:00:00-08:00
SMBLB44,fixt44,2020-05-01 00:00:00-08:00,2020-11-01T00:00:00-0800,SMBLB44_fixt44_2020-05-01T00:00:00-08:00
SMBLB45,fixt45,2020-05-01 00:00:00-08:00,2020-11-01T00:00:00-0800,SMBLB45_fixt45_2020-05-01T00:00:00-08:00
SMBLB46,fixt46,2020-05-01 00:00:00-08:00,2020-11-01T00:00:00-0800,SMBLB46_fixt46_2020-05-01T00:00:00-08:00
SMBLB47,fixt47,2020-05-01 00:00:00-08:00,2020-11-01T00:00:00-0800,SMBLB47_fixt47_2020-05-01T00:00:00-08:00
SMBLB48,fixt48,2020-05-01 00:00:00-08:00,2020-11-01T00:00:00-0800,SMBLB48_fixt48_2020-05-01T00:00:00-08:00
SMBLB49,fixt49,2020-05-01 00:00:00-08:00,2020-11-01T00:00:00-0800,SMBLB49_fixt49_2020-05-01T00:00:00-08:00
SMBLB50,fixt50,2020-05-01 00:00:00-08:00,2020-11-01T00:00:00-0800,SMBLB50_fixt50_2020-05-01T00:00:00-08:00
SMBLB51,fixt51,2020-05-01 00:00:00-08:00,2020-11-01T00:00:00-0800,SMBLB51_fixt51_2020-05-01T00:00:00-08:00
SMBLB52,fixt52,2020-05-01 00:00:00-08:00,2020-11-01T00:00:00-0800,SMBLB52_fixt52_2020-05-01T00:00:00-08:00
SMBLB53,fixt53,2020-05-01 00:00:00-08:00,2020-11-01T00:00:00-0800,SMBLB53_fixt53_2020-05-01T00:00:00-08:00
SMBLB54,fixt54,2020-05-01 00:00:00-08:00,2020-11-01T00:00:00-0800,SMBLB54_fixt54_2020-05-01T00:00:00-08:00
SMBLB55,fixt55,2020-05-01 00:00:00-08:00,2020-11-01T00:00:00-0800,SMBLB55_fixt55_2020-05-01T00:00:00-08:00
SMBLB56,fixt56,2020-05-01 00:00:00-08:00,2020-11-01T00:00:00-0800,SMBLB56_fixt56_2020-05-01T00:00:00-08:00
SMBLB57,fixt57,2020-05-01 00:00:00-08:00,2020-11-01T00:00:00-0800,SMBLB57_fixt57_2020-05-01T00:00:00-08:00
SMBLB58,fixt58,2020-05-01 00:00:00-08:00,2020-11-01T00:00:00-0800,SMBLB58_fixt58_2020-05-01T00:00:00-08:00
SMBLB59,fixt59,2020-05-01 00:00:00-08:00,2020-11-01T00:00:00-0800,SMBLB59_fixt59_2020-05-01T00:00:00-08:00
SMBLB60,fixt60,2020-05-01 00:00:00-08:00,2020-11-01T00:00:00-0800,SMBLB60_fixt60_2020-05-01T00:00:00-08:00
SMBLB61,fixt61,2020-05-01 00:00:00-08:00,2020-11-01T00:00:00-0800,SMBLB61_fixt61_2020-05-01T00:00:00-08:00
SMBLB62,fixt62,2020-05-01 00:00:00-08:00,2020-11-01T00:00:00-0800,SMBLB62_fixt62_2020-05-01T00:00:00-08:00
SMBLB63,fixt63,2020-05-01 00:00:00-08:00,2020-11-01T00:00:00-0800,SMBLB63_fixt63_2020-05-01T00:00:00-08:00
SMBLB64,fixt64,2020-05-01 00:00:00-08:00,2020-11-01T00:00:00-0800,SMBLB64_fixt64_2020-05-01T00:00:00-08:00
SMBLB65,fixt65,2020-05-01 00:00:00-08:00,2020-11-01T00:00:00-0800,SMBLB65_fixt65_2020-05-01T00:00:00-08:00
SMBLB66,fixt66,2020-05-01 00:00:00-08:00,2020-11-01T00:00:00-0800,SMBLB66_fixt66_2020-05-01T00:00:00-08:00
SMBLB67,fixt67,2020-05-01 00:00:00-08:00,2020-11-01T00:00:00-0800,SMBLB67_fixt67_2020-05-01T00:00:00-08:00
SMBLB68,fixt68,2020-05-01 00:00:00-08:00,2020-11-01T00:00:00-0800,SMBLB68_fixt68_2020-05-01T00:00:00-08:00
SMBLB69,fixt69,2020-05-01 00:00:00-08:00,2020-11-01T00:00:00-0800,SMBLB69_fixt69_2020-05-01T00:00:00-08:00
SMBLB70,fixt70,2020-05-01 00:00:00-08:00,2020-11-01T00:00:00-0800,SMBLB70_fixt70_2020-05-01T00:00:00-08:00
SMBLB71,fixt71,2020-05-01 00:00:00-08:00,2020-11-01T00:00:00-0800,SMBLB71_fixt71_2020-05-01T00:00:00-08:00
SMBLB72,fixt72,2020-05-01 00:00:00-08:00,2020-11-01T00:00:00-0800,SMBLB72_fixt72_2020-05-01T00:00:00-08:00
SMBLB73,fixt73,2020-05-01 00:00:00-08:00,2020-11-01T00:00:00-0800,SMBLB73_fixt73_2020-05-01T00:00:00-08:00
SMBLB74,fixt74,2020-05-01 00:00:00-08:00,2020-11-01T00:00:00-0800,SMBLB74_fixt74_2020-05-01T00:00:00-08:00
SMBLB75,fixt75,2020-05-01 00:00:00-08:00,2020-11-01T00:00:00-0800,SMBLB75_fixt75_2020-05-01T00:00:00-08:00
SMBLB76,fixt76,2020-05-01 00:00:00-08:00,2020-11-01T00:00:00-0800,SMBLB76_fixt76_2020-05-01T00:00:00-08:00
SMBLB77,fixt77,2020-05-01 00:00:00-08:00,2020-11-01T00:00:00-0800,SMBLB77_fixt77_2020-05-01T00:00:00-08:00
SMBLB78,fixt78,2020-05-01 00:00:00-08:00,2020-11-01T00:00:00-0800,SMBLB78_fixt78_2020-05-01T00:00:00-08:00
SMBLB79,fixt79,2020-05-01 00:00:00-08:00,2020-11-01T00:00:00-0800,SMBLB79_fixt79_2020-05-01T00:00:00-08:00
SMBLB80,fixt80,2020-05-01 00:00:00-08:00,2020-11-01T00:00:00-0800,SMBLB80_fixt80_2020-05-01T00:00:00-08:00
SMBLB81,fixt81,2020-05-01 00:00:00-08:00,2020-11-01T00:00:00-0800,SMBLB81_fixt81_2020-05-01T00:00:00-08:00
SMBLB82,fixt82,2020-05-01 00:00:00-08:00,2020-11-01T00:00:00-0800,SMBLB82_fixt82_2020-05-01T00:00:00-08:00
SMBLB83,fixt83,2020-05-01 00:00:00-08:00,2020-11-01T00:00:00-0800,SMBLB83_fixt83_2020-05-01T00:00:00-08:00
SMBLB84,fixt84,2020-05-01 00:00:00-08:00,2020-11-01T00:00:00-0800,SMBLB84_fixt84_2020-05-01T00:00:00-08:00
SMBLB85,fixt85,2020-05-01 00:00:00-08:00,2020-11-01T00:00:00-0800,SMBLB85_fixt85_2020-05-01T00:00:00-08:00
SMBLB86,fixt86,2020-05-01 00:00:00-08:00,2020-11-01T00:00:00-0800,SMBLB86_fixt86_2020-05-01T00:00:00-08:00
SMBLB87,fixt87,2020-05-01 00:00:00-08:00,2020-11-01T00:00:00-0800,SMBLB87_fixt87_2020-05-01T00:00:00-08:00
SMBLB88,fixt88,2020-05-01 00:00:00-08:00,2020-11-01T00:00:00-0800,SMBLB88_fixt88_2020-05-01T00:00:00-08:00
SMBLB89,fixt89,2020-05-01 00:00:00-08:00,2020-11-01T00:00:00-0800,SMBLB89_fixt89_2020-05-01T00:00:00-08:00
SMBLB90,fixt90,2020-05-01 00:00:00-08:00,2020-11-01T00:00:00-0800,SMBLB90_fixt90_2020-05-01T00:00:00-08:00
SMBLB91,fixt91,2020-05-01 00:00:00-08:00,2020-11-01T00:00:00-0800,SMBLB91_fixt91_2020-05-01T00:00:00-08:00
SMBLB92,fixt92,2020-05-01 00:00:00-08:00,2020-11-01T00:00:00-0800,SMBLB92_fixt92_2020-05-01T00:00:00-08:00
SMBLB93,fixt93,2020-05-01 00:00:00-08:00,2020-11-01T00:00:00-0800,SMBLB93_fixt93_2020-05-01T00:00:00-08:00
SMBLB94,fixt94,2020-05-01 00:00:00-08:00,2020-11-01T00:00:00-0800,SMBLB94_fixt94_2020-05-01T00:00:00-08:00
SMBLB95,fixt95,2020-05-01 00:00:00-08:00,2020-11-01T00:00:00-0800,SMBLB95_fixt95_2020-05-01T00:00:00-08:00
SMBLB96,fixt96,2020-05-01 00:00:00-08:00,2020-11-01T00:00:00-0800,SMBLB96_fixt96_2020-05-01T00:00:00-08:00
SMBLB97,fixt97,2020-05-01 00:00:00-08:00,2020-11-01T00:00:00-0800,SMBLB97_fixt97_2020-05-01T00:00:00-08:00
SMBLB98,fixt98,2020-05-01 00:00:00-08:00,2020-11-01T00:00:00-0800,SMBLB98_fixt98_2020-05-01T00:00:00-08:00
SMBLB99,fixt99,2020-05-01 00:00:00-08:00,2020-11-01T00:00:00-0800,SMBLB99_fixt99_2020-05-01T00:00:00-08:00
SMBLB100,fixt100,2020-05-01 00:00:00-08:00,2020-11-01T00:00:00-0800,SMBLB100_fixt100_2020-05-01T00:00:00-08:00